PC1,PC2,instance_name,source
-1.5728089280911444,1.8074728430258362,b_read_on.txt,google-hashcode
5.325807115556428,0.8857615792696181,c_incunabula.txt,google-hashcode
0.1157564765871823,-3.209342689580349,d_tough_choices.txt,google-hashcode
-0.9922291889023894,0.08159522517569076,e_so_many_books.txt,google-hashcode
2.895814384773861,1.8821015994373895,f_libraries_of_the_world.txt,google-hashcode
-1.4424432280075206,-0.6602723119654925,appalachian_regional_project.txt,real-world
0.6010139904999382,7.200038419785604,oxford_bodleian_archives.txt,real-world
-1.5517499548191667,1.7160691421405245,b_read_on_01fe9967_0020.txt,synthetic-google-hashcode
-1.2888011041646816,0.5850276303194162,b_read_on_08485978_0017.txt,synthetic-google-hashcode
-1.3824795280816506,1.4533815715540699,b_read_on_0b40464f_0018.txt,synthetic-google-hashcode
-1.4831267666976555,1.765941645914917,b_read_on_0be18e64_0007.txt,synthetic-google-hashcode
-1.0460743807920854,1.143532826115936,b_read_on_106f2d8e_0005.txt,synthetic-google-hashcode
-1.49118842526855,1.4761005320106908,b_read_on_1241d9bb_0015.txt,synthetic-google-hashcode
-1.4177754385522006,1.6700614252332127,b_read_on_12ce63a2_0020.txt,synthetic-google-hashcode
-1.1965010030327932,0.397976036551732,b_read_on_1455b43f_0018.txt,synthetic-google-hashcode
-1.5992852140256129,1.7096689758377612,b_read_on_1707deff_0003.txt,synthetic-google-hashcode
-1.4721788095145967,0.6866461822791237,b_read_on_17881a3b_0018.txt,synthetic-google-hashcode
-1.1472290877143565,1.4524984006053892,b_read_on_1e3fc0aa_0004.txt,synthetic-google-hashcode
-0.7325463557493789,-1.0698092138762842,b_read_on_1e42245f_0008.txt,synthetic-google-hashcode
-2.0382709323484,2.7890997735872056,b_read_on_20401f07_0019.txt,synthetic-google-hashcode
-1.48993532479201,1.481749175275232,b_read_on_208f85a6_0009.txt,synthetic-google-hashcode
-1.5123953748704875,1.370846339078643,b_read_on_2398c85e_0011.txt,synthetic-google-hashcode
-1.320943739051556,1.3254937109378753,b_read_on_2715b696_0011.txt,synthetic-google-hashcode
-1.4424374068141605,1.370149052093156,b_read_on_278718e6_0005.txt,synthetic-google-hashcode
-1.3892706633568783,0.7993193970153792,b_read_on_2a776457_0004.txt,synthetic-google-hashcode
-1.475194018564871,1.6674821595894755,b_read_on_2c13bfa0_0007.txt,synthetic-google-hashcode
-1.5204157830685219,1.8053309751382052,b_read_on_33c49efb_0018.txt,synthetic-google-hashcode
-0.7872749821229843,0.1263739031274769,b_read_on_35ba0543_0010.txt,synthetic-google-hashcode
-1.4508498682556958,1.7149775339551143,b_read_on_36252cee_0001.txt,synthetic-google-hashcode
-1.6357202429066087,1.7062401526263196,b_read_on_3a480913_0007.txt,synthetic-google-hashcode
-1.5273039052658626,1.7909449812255165,b_read_on_3f0495a3_0017.txt,synthetic-google-hashcode
-1.4203342945758828,1.5115272237004203,b_read_on_42573ab4_0004.txt,synthetic-google-hashcode
-1.4531034860406884,1.5903857570124265,b_read_on_42741b11_0004.txt,synthetic-google-hashcode
-1.5835407786310087,1.8156538695787523,b_read_on_43c0c8f4_0019.txt,synthetic-google-hashcode
-1.4030868451059864,0.17137235111754737,b_read_on_460d725f_0017.txt,synthetic-google-hashcode
-1.5983709200364102,1.3867955753476235,b_read_on_4c5af51a_0020.txt,synthetic-google-hashcode
-1.140246512000647,0.6727952041774184,b_read_on_4cac86db_0019.txt,synthetic-google-hashcode
-1.9704942662840266,2.661552806660857,b_read_on_4d03adf4_0015.txt,synthetic-google-hashcode
-0.5497244659640306,0.10285272813032868,b_read_on_4f7c5616_0015.txt,synthetic-google-hashcode
-0.9372211044251715,0.2887574551198876,b_read_on_56811c7b_0002.txt,synthetic-google-hashcode
-0.7353380599224523,0.487322384366574,b_read_on_6081ac70_0010.txt,synthetic-google-hashcode
-1.5913272480984417,1.7585726459583269,b_read_on_647b88c0_0010.txt,synthetic-google-hashcode
-1.5565880492898914,1.6777752141534665,b_read_on_64dbee78_0019.txt,synthetic-google-hashcode
-1.4764386160849243,1.5701087922096097,b_read_on_65938139_0009.txt,synthetic-google-hashcode
-1.4435139416915053,1.4791392535230525,b_read_on_6a2e4f0b_0012.txt,synthetic-google-hashcode
-1.477292360837284,1.1945976945354146,b_read_on_707651ca_0006.txt,synthetic-google-hashcode
-1.4868963951751997,0.15314462091431016,b_read_on_70c0426a_0011.txt,synthetic-google-hashcode
-1.6682618539663776,1.9118799686973955,b_read_on_71fa7400_0006.txt,synthetic-google-hashcode
-1.510560469746209,1.416954879636543,b_read_on_76902392_0001.txt,synthetic-google-hashcode
-1.1960092837542282,0.6817903590756659,b_read_on_7b1448f6_0008.txt,synthetic-google-hashcode
-1.4569486867081112,2.186732805753887,b_read_on_8277eb4d_0001.txt,synthetic-google-hashcode
-1.2242989353777747,1.3026368105902466,b_read_on_93da19b5_0008.txt,synthetic-google-hashcode
-1.3236529343155128,1.670042144871492,b_read_on_96495bb4_0008.txt,synthetic-google-hashcode
-1.5611886784387414,1.0370598670236435,b_read_on_96a635eb_0005.txt,synthetic-google-hashcode
-1.4927250708415973,1.623589731639254,b_read_on_9d405987_0004.txt,synthetic-google-hashcode
-1.5187196824947327,1.685617097952801,b_read_on_a22dd494_0015.txt,synthetic-google-hashcode
-1.4565852130986212,1.531960541464317,b_read_on_a73b474f_0013.txt,synthetic-google-hashcode
-1.5512972527315627,1.6061319178147628,b_read_on_a78fef58_0016.txt,synthetic-google-hashcode
-1.6439915172073303,2.1148194502415403,b_read_on_a80fe212_0019.txt,synthetic-google-hashcode
-1.5039889858458972,1.6702201638169791,b_read_on_a8904a3f_0017.txt,synthetic-google-hashcode
-1.8990324474859512,1.018855113641455,b_read_on_aac2e6ab_0004.txt,synthetic-google-hashcode
-1.4253223625007057,1.4139585440781108,b_read_on_ab1a846c_0016.txt,synthetic-google-hashcode
-0.9572640708707363,0.28647673235391174,b_read_on_ababfba5_0017.txt,synthetic-google-hashcode
-1.5767685475851878,1.804068890630835,b_read_on_ac3aef01_0002.txt,synthetic-google-hashcode
-1.6405375080526827,1.7736778894263265,b_read_on_b37ea448_0016.txt,synthetic-google-hashcode
-1.5447113904330836,1.650479109585842,b_read_on_bb65b82f_0001.txt,synthetic-google-hashcode
-0.8737578089452118,0.7212597324308709,b_read_on_bed4122a_0001.txt,synthetic-google-hashcode
-1.0314255347312742,1.154984817002751,b_read_on_bfa0ed87_0016.txt,synthetic-google-hashcode
-0.9829254050761174,-0.3047728038023562,b_read_on_cb9b057b_0008.txt,synthetic-google-hashcode
-1.482145988718558,0.23816951633119507,b_read_on_ce7cdf3e_0013.txt,synthetic-google-hashcode
-1.473579758541123,1.5691635954709848,b_read_on_d09da4e4_0019.txt,synthetic-google-hashcode
-1.560420176404422,1.5097094589037265,b_read_on_d25cc31e_0003.txt,synthetic-google-hashcode
-1.2800190854522913,1.0837590802853287,b_read_on_d579a4d1_0015.txt,synthetic-google-hashcode
-1.5082686825103344,1.7280665947826361,b_read_on_d79a6801_0002.txt,synthetic-google-hashcode
-1.7439498842663637,1.7656221478589693,b_read_on_eb1d0fac_0006.txt,synthetic-google-hashcode
-1.4362208875965112,1.523020674458805,b_read_on_eb8e0422_0018.txt,synthetic-google-hashcode
-1.529790297336602,1.3520551007579609,b_read_on_f0a61a7e_0012.txt,synthetic-google-hashcode
-1.5034339494019051,1.432119650829865,b_read_on_fb23684a_0014.txt,synthetic-google-hashcode
4.33038698463131,-0.8100258808916669,c_incunabula_06310639_0017.txt,synthetic-google-hashcode
4.936367404323767,0.2954823219005025,c_incunabula_0d3fddca_0017.txt,synthetic-google-hashcode
4.568133034923621,0.5940008645348382,c_incunabula_0d595788_0007.txt,synthetic-google-hashcode
5.469298877791911,0.1157462488425075,c_incunabula_127f62d9_0006.txt,synthetic-google-hashcode
5.291878280054025,0.8896968935868419,c_incunabula_20828d60_0011.txt,synthetic-google-hashcode
3.8783899467553864,-0.3154313907585862,c_incunabula_2100b296_0003.txt,synthetic-google-hashcode
4.469876748398634,-0.6148216186073284,c_incunabula_22edcf58_0007.txt,synthetic-google-hashcode
5.266633984877391,0.7731795310653832,c_incunabula_230f15fe_0002.txt,synthetic-google-hashcode
3.99171700249231,0.3798197537332463,c_incunabula_28dab597_0012.txt,synthetic-google-hashcode
5.089634366264542,0.6073744726889603,c_incunabula_28eec01f_0009.txt,synthetic-google-hashcode
4.635239841320506,-1.293479517797362,c_incunabula_2bd49a91_0018.txt,synthetic-google-hashcode
5.525101682756293,1.0411961296251386,c_incunabula_31643b41_0014.txt,synthetic-google-hashcode
5.124869369664968,0.5051052112041995,c_incunabula_32b2177e_0018.txt,synthetic-google-hashcode
5.1427693554813105,-0.5256888923454569,c_incunabula_3771fe66_0010.txt,synthetic-google-hashcode
4.107069666352751,0.05728271714782181,c_incunabula_3e96e9ea_0008.txt,synthetic-google-hashcode
3.2739254284372943,-1.241207629248641,c_incunabula_40a393a6_0008.txt,synthetic-google-hashcode
3.0021881934196335,-0.19665200001471222,c_incunabula_417a1b87_0018.txt,synthetic-google-hashcode
5.37881301230589,0.235778198762525,c_incunabula_53553deb_0018.txt,synthetic-google-hashcode
3.748964637389622,-0.40989580396148073,c_incunabula_58f3ba6d_0020.txt,synthetic-google-hashcode
4.953791243987548,0.8057409218945107,c_incunabula_5d493d67_0001.txt,synthetic-google-hashcode
5.696236223625777,1.7079351486840904,c_incunabula_5fd2dd50_0016.txt,synthetic-google-hashcode
3.836122085385174,0.34384523852070514,c_incunabula_60d6b5b5_0013.txt,synthetic-google-hashcode
3.94974330731224,0.0784841066975017,c_incunabula_64458249_0007.txt,synthetic-google-hashcode
4.982161312699041,0.6382640541389627,c_incunabula_70252422_0013.txt,synthetic-google-hashcode
5.388833193749846,-0.4743220842431242,c_incunabula_71199615_0008.txt,synthetic-google-hashcode
5.480905539074488,-1.2555994562466148,c_incunabula_74897333_0011.txt,synthetic-google-hashcode
2.2343198413003793,-1.1778815148139068,c_incunabula_7b284163_0017.txt,synthetic-google-hashcode
4.534872533619874,0.29588352561797776,c_incunabula_85141f29_0004.txt,synthetic-google-hashcode
4.607657294262141,0.9456481830136543,c_incunabula_88b4b802_0016.txt,synthetic-google-hashcode
4.016826840099102,0.13138545382540182,c_incunabula_88bc8592_0012.txt,synthetic-google-hashcode
2.8897091959054957,0.4086925188117874,c_incunabula_89a1c31c_0012.txt,synthetic-google-hashcode
4.239365337441459,0.18175572998192566,c_incunabula_9142c733_0016.txt,synthetic-google-hashcode
6.294139349688675,1.5747136157719128,c_incunabula_92f7532e_0012.txt,synthetic-google-hashcode
4.705708770287093,0.5328229944887101,c_incunabula_9b0a7e9a_0017.txt,synthetic-google-hashcode
3.077813821584671,-0.4397299126987716,c_incunabula_9f5aaddb_0020.txt,synthetic-google-hashcode
4.041484746515454,1.494768676961082,c_incunabula_a0ca75eb_0010.txt,synthetic-google-hashcode
4.2892601665463586,0.5529556756061893,c_incunabula_a12fa054_0020.txt,synthetic-google-hashcode
4.445933087675391,0.39437625906485974,c_incunabula_a5854ed7_0011.txt,synthetic-google-hashcode
3.1447770703330495,-0.00533860944157451,c_incunabula_a728049e_0005.txt,synthetic-google-hashcode
3.0192064452566734,0.640635024704214,c_incunabula_a8a71fd5_0005.txt,synthetic-google-hashcode
5.5280137273844305,-0.3222334054474353,c_incunabula_aa835989_0012.txt,synthetic-google-hashcode
4.86313297423905,0.9180946229217111,c_incunabula_ae948236_0012.txt,synthetic-google-hashcode
5.131184014337577,1.033648653612102,c_incunabula_b655f7e4_0011.txt,synthetic-google-hashcode
5.143820831488569,0.8402358578255117,c_incunabula_bbe7daea_0009.txt,synthetic-google-hashcode
3.5253510671167927,-0.3060260435606186,c_incunabula_bd97dec5_0011.txt,synthetic-google-hashcode
5.277094412769491,0.754035395163999,c_incunabula_bebdb32f_0006.txt,synthetic-google-hashcode
5.103740484815306,1.041066309799442,c_incunabula_c0d6245d_0004.txt,synthetic-google-hashcode
5.411841508891023,0.49359348835546646,c_incunabula_c767482d_0001.txt,synthetic-google-hashcode
3.615731565975122,-0.14061669592062737,c_incunabula_cd903018_0019.txt,synthetic-google-hashcode
3.6115350133904465,0.5420361284921257,c_incunabula_cf7d71ea_0003.txt,synthetic-google-hashcode
5.113410842101823,0.8021115244670552,c_incunabula_d0c66b8c_0004.txt,synthetic-google-hashcode
4.697904235510914,0.79385598255236,c_incunabula_d2a3f9e2_0018.txt,synthetic-google-hashcode
5.092385192602011,0.7580583680135323,c_incunabula_d7664373_0020.txt,synthetic-google-hashcode
4.573466940837184,0.88788173945808,c_incunabula_d9685ea8_0012.txt,synthetic-google-hashcode
4.934115858065485,0.7626260088553432,c_incunabula_dab90bd1_0015.txt,synthetic-google-hashcode
2.3924693563517816,0.21499473914725253,c_incunabula_db3ee9f4_0003.txt,synthetic-google-hashcode
4.544025731898139,-0.13209185128832873,c_incunabula_e920f218_0001.txt,synthetic-google-hashcode
4.002236616073194,0.010217774243354415,c_incunabula_eda11b03_0012.txt,synthetic-google-hashcode
4.975643541954183,-0.9232740010414042,c_incunabula_efcc7d77_0001.txt,synthetic-google-hashcode
0.08783092928739261,-1.810582832166533,d_tough_choices_0389b683_0013.txt,synthetic-google-hashcode
0.5032462874285332,-4.8309490589597,d_tough_choices_08800a3d_0001.txt,synthetic-google-hashcode
-0.019136370822933305,-3.763459218358811,d_tough_choices_143201df_0019.txt,synthetic-google-hashcode
0.5063519878828278,-4.109449938547826,d_tough_choices_14e4b4fe_0005.txt,synthetic-google-hashcode
-0.3254424450591925,-1.0048112147411523,d_tough_choices_16d2bf23_0006.txt,synthetic-google-hashcode
0.7964354982297965,-3.874081064337725,d_tough_choices_2b485451_0007.txt,synthetic-google-hashcode
-0.3627056661817625,-0.2801931721304018,d_tough_choices_2c197db7_0020.txt,synthetic-google-hashcode
0.5695740213922299,-4.688211190444482,d_tough_choices_42e3d661_0009.txt,synthetic-google-hashcode
-0.7159251292066147,-0.40356702862958077,d_tough_choices_58c468ba_0003.txt,synthetic-google-hashcode
-0.2525148682494809,-2.1902423406596374,d_tough_choices_60ef53b7_0016.txt,synthetic-google-hashcode
0.21470114480565614,-2.6266682410640234,d_tough_choices_63ec1ee6_0020.txt,synthetic-google-hashcode
0.27057073000937854,-2.6225968533642847,d_tough_choices_6797c99b_0014.txt,synthetic-google-hashcode
0.09704335526802996,-3.341373249017162,d_tough_choices_6b74fd08_0007.txt,synthetic-google-hashcode
-0.5369496005191433,-1.1954197855946942,d_tough_choices_6e0c535e_0011.txt,synthetic-google-hashcode
-0.6746575225152946,-2.436304965862862,d_tough_choices_700d438d_0011.txt,synthetic-google-hashcode
-0.15603726745780908,-3.342743912825406,d_tough_choices_70f990fb_0003.txt,synthetic-google-hashcode
0.23817538327008914,-4.966595601221185,d_tough_choices_71c99ec2_0007.txt,synthetic-google-hashcode
0.15977369807346195,-2.643721950061006,d_tough_choices_77e95be8_0003.txt,synthetic-google-hashcode
-0.20491908196247297,-0.7422904763491209,d_tough_choices_7d3c12a3_0006.txt,synthetic-google-hashcode
-0.1773606780540407,-2.241443794795176,d_tough_choices_83f76c4b_0012.txt,synthetic-google-hashcode
-0.20012788948941443,-2.0045342999856115,d_tough_choices_9e74f464_0016.txt,synthetic-google-hashcode
0.2700102302823367,-5.0262784179934705,d_tough_choices_bf3f2a2b_0015.txt,synthetic-google-hashcode
-0.7547980169420392,-0.4168943778441243,d_tough_choices_e476bdaf_0018.txt,synthetic-google-hashcode
-0.19946397661466744,-0.9204811903167389,d_tough_choices_f5028cfb_0004.txt,synthetic-google-hashcode
-0.3060945545835934,-1.839857134306063,d_tough_choices_f81e1144_0013.txt,synthetic-google-hashcode
-1.072883432182517,0.17127232014115126,e_so_many_books_004ae49f_0004.txt,synthetic-google-hashcode
-0.7502545673480453,-0.970958742152142,e_so_many_books_00ee6187_0014.txt,synthetic-google-hashcode
-0.6110965656330822,0.1204645711555818,e_so_many_books_0181db5c_0007.txt,synthetic-google-hashcode
-1.282322732315287,-0.9666467095308331,e_so_many_books_02747e54_0004.txt,synthetic-google-hashcode
-0.985012810886913,-0.16030347772456058,e_so_many_books_037f0728_0002.txt,synthetic-google-hashcode
-0.8785268556612852,0.4737743823658964,e_so_many_books_058a21cc_0002.txt,synthetic-google-hashcode
-1.058212952716541,-0.9274193796458665,e_so_many_books_058eccc7_0004.txt,synthetic-google-hashcode
-0.41238916931340763,0.4644556887493739,e_so_many_books_0bf7d888_0001.txt,synthetic-google-hashcode
-0.9161276240014447,-0.019736561358598588,e_so_many_books_0bff85d6_0004.txt,synthetic-google-hashcode
-0.9996464001925446,0.34351696674177434,e_so_many_books_0dbf050e_0016.txt,synthetic-google-hashcode
-1.01244972336306,-1.4149610180349714,e_so_many_books_0e1d1b4a_0012.txt,synthetic-google-hashcode
-0.9783436412791543,-0.005965871971078701,e_so_many_books_10eef710_0012.txt,synthetic-google-hashcode
-1.0215754016995455,-0.0011698061759322946,e_so_many_books_122da9fe_0013.txt,synthetic-google-hashcode
-0.7062641279390071,-0.5286766857948784,e_so_many_books_129822f1_0003.txt,synthetic-google-hashcode
-0.7897790718185334,-1.2482445138702283,e_so_many_books_1411ca87_0020.txt,synthetic-google-hashcode
-0.5956322177935125,-2.043406080171154,e_so_many_books_141cbb6b_0011.txt,synthetic-google-hashcode
-1.0344810380017695,-0.1574534493381022,e_so_many_books_16a69691_0015.txt,synthetic-google-hashcode
-0.9567827597327047,-0.01778757944840236,e_so_many_books_17850582_0001.txt,synthetic-google-hashcode
-0.7840333898711317,-0.15956184982098479,e_so_many_books_19c5fd40_0008.txt,synthetic-google-hashcode
-1.0420739087890825,-0.15352821365208824,e_so_many_books_1ac99829_0003.txt,synthetic-google-hashcode
-0.8323161916755659,0.4858808766806799,e_so_many_books_1b1a3ff9_0015.txt,synthetic-google-hashcode
-0.9454141043704881,-0.4392486075588948,e_so_many_books_1d75d5d5_0018.txt,synthetic-google-hashcode
-0.6048763201946635,-1.3986628531959102,e_so_many_books_1fb04eea_0006.txt,synthetic-google-hashcode
-0.975086360143909,-0.04782418583445232,e_so_many_books_20ff22d5_0019.txt,synthetic-google-hashcode
-0.5138688813625143,-1.3091122713876384,e_so_many_books_2362d4c3_0015.txt,synthetic-google-hashcode
-0.6652818211740359,0.07652003243754266,e_so_many_books_243043f1_0020.txt,synthetic-google-hashcode
-0.966156120325061,-0.07183928175195267,e_so_many_books_24c8e06d_0007.txt,synthetic-google-hashcode
-0.8603552678063678,0.13520473197189864,e_so_many_books_2568768f_0006.txt,synthetic-google-hashcode
-0.8277893394749679,-0.001963085839068577,e_so_many_books_25d9538b_0004.txt,synthetic-google-hashcode
-0.8423182433939873,-0.20129959630036617,e_so_many_books_26160472_0019.txt,synthetic-google-hashcode
-1.001760214780316,-0.19649688068381438,e_so_many_books_2b0f8f16_0009.txt,synthetic-google-hashcode
-0.9237318353926295,-0.3729164230311367,e_so_many_books_2d545d6b_0003.txt,synthetic-google-hashcode
-0.723398899277342,-0.8217857377240153,e_so_many_books_2ff5d872_0014.txt,synthetic-google-hashcode
-1.0402809725712103,-0.05906736834723268,e_so_many_books_30a94b62_0017.txt,synthetic-google-hashcode
-1.111777199931159,-1.2299337060946522,e_so_many_books_329f049c_0012.txt,synthetic-google-hashcode
-0.9324181788241412,-0.08768028306438885,e_so_many_books_32bc26ec_0006.txt,synthetic-google-hashcode
-0.9122127358860591,-0.22087806480973735,e_so_many_books_331c50a8_0014.txt,synthetic-google-hashcode
-1.0790759310617282,-0.048777734364481136,e_so_many_books_342e2334_0012.txt,synthetic-google-hashcode
-0.9587554451158726,0.40787653118664297,e_so_many_books_34902e68_0005.txt,synthetic-google-hashcode
-0.9249462311334009,-0.49990875253636136,e_so_many_books_36fd4544_0001.txt,synthetic-google-hashcode
-0.7363945796509413,0.14053216160864948,e_so_many_books_37048fff_0013.txt,synthetic-google-hashcode
-1.0586827615659222,-0.0608830349344773,e_so_many_books_380a8d8c_0013.txt,synthetic-google-hashcode
-0.9038980414487712,0.054980878643282015,e_so_many_books_3aa536ae_0011.txt,synthetic-google-hashcode
-0.8255033084039296,0.011138821911374016,e_so_many_books_3ade744e_0010.txt,synthetic-google-hashcode
-0.8673194571248648,-0.5685647658600718,e_so_many_books_3be3b0d6_0016.txt,synthetic-google-hashcode
-0.977586458690081,0.06801292785883202,e_so_many_books_3c522f91_0016.txt,synthetic-google-hashcode
-1.1628120089923584,-0.1419939439105085,e_so_many_books_3d1aba4a_0017.txt,synthetic-google-hashcode
-1.1432831423037868,-0.4953160775866777,e_so_many_books_3db5c891_0001.txt,synthetic-google-hashcode
-0.9486902707488113,-0.17898398803738688,e_so_many_books_3e688e3f_0019.txt,synthetic-google-hashcode
-1.0046142074571596,0.12370018150592188,e_so_many_books_3e80d01e_0008.txt,synthetic-google-hashcode
-1.2021570673406363,-0.8236148368699044,e_so_many_books_3f74103c_0009.txt,synthetic-google-hashcode
-0.7981262825119906,-0.2269559933600137,e_so_many_books_3f9d2491_0002.txt,synthetic-google-hashcode
-0.9128940667941396,-0.8119894833651845,e_so_many_books_40835431_0003.txt,synthetic-google-hashcode
-0.8270145180161171,-0.04783401452373867,e_so_many_books_43ba721a_0018.txt,synthetic-google-hashcode
-0.863705572147516,0.06251335582182216,e_so_many_books_44f101d4_0011.txt,synthetic-google-hashcode
-0.9355117046719995,-0.13277772834804077,e_so_many_books_474ad72c_0017.txt,synthetic-google-hashcode
-1.0685490535526052,0.1832954678063476,e_so_many_books_4786df24_0003.txt,synthetic-google-hashcode
-0.8059900104520606,-0.605064657697254,e_so_many_books_47d793b3_0012.txt,synthetic-google-hashcode
-0.7757380734397392,-0.027087615866846933,e_so_many_books_48dc3cbc_0014.txt,synthetic-google-hashcode
-1.305116831017452,-0.9367188176730821,e_so_many_books_4cc88081_0019.txt,synthetic-google-hashcode
-0.9912238881473553,-0.0008170053127449688,e_so_many_books_4d13891b_0016.txt,synthetic-google-hashcode
-0.36767781121141735,-1.0661050910683623,e_so_many_books_4d89f71d_0018.txt,synthetic-google-hashcode
-0.7721233855246805,-0.9353510240869473,e_so_many_books_511d7b29_0007.txt,synthetic-google-hashcode
-0.7905571014039835,0.7049536894634459,e_so_many_books_521f5804_0008.txt,synthetic-google-hashcode
-1.0334159602149173,0.053989854690374275,e_so_many_books_52fa368e_0003.txt,synthetic-google-hashcode
-0.9816460768678436,0.04684161952647037,e_so_many_books_540e6358_0020.txt,synthetic-google-hashcode
-0.6487398561320699,0.06725446944917979,e_so_many_books_5461a1c1_0015.txt,synthetic-google-hashcode
-0.9274511933662337,-1.5534057778295076,e_so_many_books_559b3e41_0018.txt,synthetic-google-hashcode
-0.9270274108546673,-0.08499038530491472,e_so_many_books_55c3224e_0008.txt,synthetic-google-hashcode
-0.9665888347393047,-1.2628696389408423,e_so_many_books_5b30bbca_0013.txt,synthetic-google-hashcode
-0.6725855271599692,-0.07594751067748874,e_so_many_books_5c412c4e_0018.txt,synthetic-google-hashcode
-0.8508548811390121,-0.059834569485961914,e_so_many_books_5ddf8412_0012.txt,synthetic-google-hashcode
-1.0529678815117427,0.01779109491937444,e_so_many_books_5e93fc1a_0015.txt,synthetic-google-hashcode
-1.0579945385531704,-0.07460129257504178,e_so_many_books_61c21256_0002.txt,synthetic-google-hashcode
-0.936722322741437,-0.4719285826863884,e_so_many_books_6340f99f_0008.txt,synthetic-google-hashcode
-0.860367933814493,-0.11008767165695066,e_so_many_books_652e84d9_0015.txt,synthetic-google-hashcode
-1.0324517733112386,-0.00028914341736480657,e_so_many_books_697d0dab_0014.txt,synthetic-google-hashcode
-1.104624043389352,-0.5504452445949144,e_so_many_books_6a2b3ccc_0001.txt,synthetic-google-hashcode
-1.029057554131674,-0.036460558149712725,e_so_many_books_6a532cd0_0014.txt,synthetic-google-hashcode
-0.5262621761152843,0.010297152992430917,e_so_many_books_6dc9a21a_0005.txt,synthetic-google-hashcode
-0.9516293490149532,-0.5912223104790058,e_so_many_books_708ab5fd_0010.txt,synthetic-google-hashcode
-0.9350437058469759,-0.3838679894685991,e_so_many_books_718434b5_0015.txt,synthetic-google-hashcode
-0.5566185330879061,-0.8596108097498412,e_so_many_books_72c56e0b_0013.txt,synthetic-google-hashcode
-1.1947356082076306,0.15648249240460418,e_so_many_books_73672556_0019.txt,synthetic-google-hashcode
-1.2217900088590052,-0.21232674023518264,e_so_many_books_73c30e82_0018.txt,synthetic-google-hashcode
-0.608966552752548,-0.1862381563467625,e_so_many_books_746b59b6_0002.txt,synthetic-google-hashcode
-1.1270498183341284,-0.02027705111844673,e_so_many_books_756064f3_0019.txt,synthetic-google-hashcode
-1.0089762027459137,-0.8604578078428669,e_so_many_books_7814e475_0007.txt,synthetic-google-hashcode
-0.9301306868659627,-0.7868246571666276,e_so_many_books_787829c1_0005.txt,synthetic-google-hashcode
-1.0306990735456663,0.0419790905368192,e_so_many_books_79b32e9e_0003.txt,synthetic-google-hashcode
-1.044363104893457,-0.039178272893492426,e_so_many_books_79d18ee6_0008.txt,synthetic-google-hashcode
-0.26619174547142455,-0.4243925386428322,e_so_many_books_7ce6bcc5_0009.txt,synthetic-google-hashcode
-1.0653448357437503,-0.6134428806850735,e_so_many_books_7de70604_0016.txt,synthetic-google-hashcode
-1.019343240494619,-0.4287693027007632,e_so_many_books_7e3828f7_0003.txt,synthetic-google-hashcode
-0.974033821116178,-0.1629257551141936,e_so_many_books_7eda700f_0013.txt,synthetic-google-hashcode
-0.9704691175344493,-0.10932588984751582,e_so_many_books_7f4bfbb9_0010.txt,synthetic-google-hashcode
-0.7941882139734036,-0.2664172347872859,e_so_many_books_7fbe76df_0006.txt,synthetic-google-hashcode
-0.5552336529661737,-1.0532701395113266,e_so_many_books_80a2f560_0003.txt,synthetic-google-hashcode
-1.074505655897071,-0.3571255292940715,e_so_many_books_8177a069_0010.txt,synthetic-google-hashcode
-1.21357081730266,-0.3919555838679003,e_so_many_books_818db4e3_0019.txt,synthetic-google-hashcode
-0.9846004821474746,-0.47895574605906194,e_so_many_books_834a932c_0019.txt,synthetic-google-hashcode
-0.5769076998845385,0.08218606087622099,e_so_many_books_871f4d63_0020.txt,synthetic-google-hashcode
-0.6675612612599071,0.14585290181954566,e_so_many_books_8a8af3e3_0001.txt,synthetic-google-hashcode
-0.9340576833573301,-0.8031801876629142,e_so_many_books_8ad850fe_0009.txt,synthetic-google-hashcode
-0.7073690578780488,0.04056288467799065,e_so_many_books_8ae63aff_0007.txt,synthetic-google-hashcode
-0.8467067223123163,-0.19546463222299285,e_so_many_books_8cc0c73b_0013.txt,synthetic-google-hashcode
-0.7984247012753141,-1.021241855964637,e_so_many_books_8e0a94fe_0014.txt,synthetic-google-hashcode
-1.0731119969149687,-0.09427099391408209,e_so_many_books_8e1b327b_0004.txt,synthetic-google-hashcode
-0.9029971812095573,-0.1752825665926707,e_so_many_books_8e65ceee_0004.txt,synthetic-google-hashcode
-1.0088875081211353,0.06953690180096356,e_so_many_books_911f7a98_0005.txt,synthetic-google-hashcode
-0.7215986943005551,-0.16863524663155086,e_so_many_books_91b390b8_0007.txt,synthetic-google-hashcode
-1.3732761292103162,0.05474767974387029,e_so_many_books_9397b1b8_0019.txt,synthetic-google-hashcode
-1.1434678346474347,-0.17239626866498267,e_so_many_books_93cc95b3_0011.txt,synthetic-google-hashcode
-0.5956872074299461,-1.096941725341081,e_so_many_books_93ede9b3_0014.txt,synthetic-google-hashcode
-0.7671984190010672,-0.5908628580188213,e_so_many_books_94ad5a14_0010.txt,synthetic-google-hashcode
-1.5464837520112642,-0.26115774217344817,e_so_many_books_95533a3b_0007.txt,synthetic-google-hashcode
-0.9619693564594083,-0.1843084538045953,e_so_many_books_95dedcc9_0018.txt,synthetic-google-hashcode
-0.8802847700318029,0.4072797272279286,e_so_many_books_99d01d84_0005.txt,synthetic-google-hashcode
-0.501631309758942,-1.012104595062391,e_so_many_books_99dcdacd_0006.txt,synthetic-google-hashcode
-0.8602359196953178,-0.016425504961220007,e_so_many_books_9b240ff4_0010.txt,synthetic-google-hashcode
-1.06622052992166,-0.02528330214065846,e_so_many_books_9b39fdd4_0020.txt,synthetic-google-hashcode
-0.5916253577883746,-0.7154862988647038,e_so_many_books_9c8d2d35_0016.txt,synthetic-google-hashcode
-1.3354757588244415,-0.9983877109494991,e_so_many_books_9ce2dd87_0009.txt,synthetic-google-hashcode
-0.5543856650504471,0.2931214369957705,e_so_many_books_9cf47362_0001.txt,synthetic-google-hashcode
-0.6003388990341332,-0.3543001422993215,e_so_many_books_9e909e47_0005.txt,synthetic-google-hashcode
-0.6142670087926112,0.10844834814295168,e_so_many_books_9e913e51_0011.txt,synthetic-google-hashcode
-1.1067530266863659,-0.47214060494065685,e_so_many_books_9ec2421f_0005.txt,synthetic-google-hashcode
-0.8518435804723951,0.2084868778250257,e_so_many_books_9f117c04_0005.txt,synthetic-google-hashcode
-1.0066835362643858,0.02563080252442575,e_so_many_books_a0bdfbce_0002.txt,synthetic-google-hashcode
-0.801224518805801,-1.3959934554102678,e_so_many_books_a17afc5c_0006.txt,synthetic-google-hashcode
-0.8793237357641068,-0.5048547335780257,e_so_many_books_a1c60656_0006.txt,synthetic-google-hashcode
-1.0491900934584968,0.1563379911371498,e_so_many_books_a2c3f8a4_0018.txt,synthetic-google-hashcode
-0.9211471394942353,-0.37604822366999957,e_so_many_books_a2e32c0b_0014.txt,synthetic-google-hashcode
-0.9622360188241291,0.008864514578120819,e_so_many_books_a376094c_0006.txt,synthetic-google-hashcode
-1.0043322839767546,-0.2354976404429194,e_so_many_books_a466356f_0017.txt,synthetic-google-hashcode
-1.1013693498297352,0.09973203798558235,e_so_many_books_a620d896_0009.txt,synthetic-google-hashcode
-1.3397377791624465,-0.7385003896179333,e_so_many_books_a6f8065a_0011.txt,synthetic-google-hashcode
-0.7209533206320518,-0.6520291878857922,e_so_many_books_a721a845_0017.txt,synthetic-google-hashcode
-1.0667505942236994,-0.34733415620515945,e_so_many_books_a7e60b4f_0015.txt,synthetic-google-hashcode
-0.6796936432520357,-0.8474986251522069,e_so_many_books_a8574640_0017.txt,synthetic-google-hashcode
-0.9674844491323874,-0.11576115847079547,e_so_many_books_a8dc5a67_0009.txt,synthetic-google-hashcode
-0.8475939064731353,-0.7960697651765405,e_so_many_books_a9ca60be_0005.txt,synthetic-google-hashcode
-0.6321029663262447,-0.41215561734459893,e_so_many_books_a9ea464b_0019.txt,synthetic-google-hashcode
-0.9607609360322267,0.02822566577485975,e_so_many_books_aaa70ac3_0011.txt,synthetic-google-hashcode
-0.8170573934555445,-0.0215080973243408,e_so_many_books_acd9480e_0007.txt,synthetic-google-hashcode
-0.41942534281783894,-0.5336022597594315,e_so_many_books_ae6e4f20_0010.txt,synthetic-google-hashcode
-1.2682135134780828,-0.16133021068735454,e_so_many_books_af93d50c_0010.txt,synthetic-google-hashcode
-0.520822524998979,-0.48137523399539744,e_so_many_books_b11810d0_0015.txt,synthetic-google-hashcode
-0.8717572569406236,-0.2769723010236822,e_so_many_books_b13c109a_0016.txt,synthetic-google-hashcode
-1.0944085228296065,0.4337089519045882,e_so_many_books_b271b6e7_0007.txt,synthetic-google-hashcode
-1.0175972018887183,-0.4720926305961791,e_so_many_books_b3965f43_0004.txt,synthetic-google-hashcode
-0.9601344485879398,-0.3011432339482054,e_so_many_books_b46c19c6_0009.txt,synthetic-google-hashcode
-0.7953004226905998,-0.8098824444887696,e_so_many_books_b49ce3c4_0002.txt,synthetic-google-hashcode
-0.879934480422035,-0.39134287685154145,e_so_many_books_b580d3c4_0008.txt,synthetic-google-hashcode
-0.8958920539934807,0.7557299016181221,e_so_many_books_b5c5b8f8_0012.txt,synthetic-google-hashcode
-0.9895312484479344,-0.02201620429224216,e_so_many_books_b8c78e47_0018.txt,synthetic-google-hashcode
-0.9494168215184792,-2.145887722103152,e_so_many_books_b9040d24_0017.txt,synthetic-google-hashcode
-0.9966744912765755,0.03836748381191638,e_so_many_books_bc533448_0016.txt,synthetic-google-hashcode
-1.0862684295542997,-0.10293838341823323,e_so_many_books_bf1c1681_0012.txt,synthetic-google-hashcode
-0.6426448266110814,-0.5940804600857261,e_so_many_books_bfd87f48_0020.txt,synthetic-google-hashcode
-0.6765727500402132,-0.06587421352669899,e_so_many_books_c0833b41_0020.txt,synthetic-google-hashcode
-0.5580064656677156,0.16411612873831502,e_so_many_books_c1fe95ab_0002.txt,synthetic-google-hashcode
-0.9075761018859322,0.11181667592974218,e_so_many_books_c326ddd1_0020.txt,synthetic-google-hashcode
-1.322924642937328,-0.499037862280955,e_so_many_books_c5380316_0002.txt,synthetic-google-hashcode
-0.44252777642798147,0.5197760649666852,e_so_many_books_c88a3614_0011.txt,synthetic-google-hashcode
-0.4201549188779475,-0.009391589597948339,e_so_many_books_c897c32d_0014.txt,synthetic-google-hashcode
-1.1993084400766352,0.557993934288837,e_so_many_books_c98b056e_0004.txt,synthetic-google-hashcode
-0.9012083200174347,-0.09869496334213453,e_so_many_books_c9a2a30f_0010.txt,synthetic-google-hashcode
-0.9534206867903274,-0.2612046345718853,e_so_many_books_caf4d8ed_0009.txt,synthetic-google-hashcode
-0.718142789331537,-0.3379351636104043,e_so_many_books_cd543bcb_0007.txt,synthetic-google-hashcode
-1.104110440578655,-0.12557524477020535,e_so_many_books_cdef6074_0012.txt,synthetic-google-hashcode
-0.6349816266517293,-0.1870627951161969,e_so_many_books_ce3065ac_0008.txt,synthetic-google-hashcode
-0.9860837731863306,-0.06816575517248014,e_so_many_books_d072aeff_0006.txt,synthetic-google-hashcode
-0.9614077436521593,-0.2649485658617393,e_so_many_books_d3b76bdc_0013.txt,synthetic-google-hashcode
-0.5846188590976059,-0.27391344422068375,e_so_many_books_d40819c1_0003.txt,synthetic-google-hashcode
-0.7430749494848866,0.07812557736253074,e_so_many_books_d4537682_0001.txt,synthetic-google-hashcode
-1.0316484172294473,-0.1471144893614313,e_so_many_books_d6df2552_0020.txt,synthetic-google-hashcode
-0.9361113673881399,-0.220728667079847,e_so_many_books_d78f8253_0013.txt,synthetic-google-hashcode
-0.6781333306219999,-0.546593301136709,e_so_many_books_db2f18fa_0011.txt,synthetic-google-hashcode
-0.8187411812565476,0.21581879206816337,e_so_many_books_ddb95f5d_0017.txt,synthetic-google-hashcode
-0.9518613105233275,-0.3163121349968632,e_so_many_books_de3bd925_0018.txt,synthetic-google-hashcode
-1.1499955776016502,-0.7143395501765833,e_so_many_books_e25e4682_0015.txt,synthetic-google-hashcode
-0.9412680204342149,-0.5059529373925742,e_so_many_books_e4fbe0e8_0017.txt,synthetic-google-hashcode
-0.7264226176768247,-0.6988943932313275,e_so_many_books_e5059ff2_0011.txt,synthetic-google-hashcode
-0.8179198413018802,-0.4596630323697547,e_so_many_books_e64df930_0006.txt,synthetic-google-hashcode
-0.8548954479308979,-0.17231373749590717,e_so_many_books_e774e0b6_0001.txt,synthetic-google-hashcode
-1.2129401573384324,-0.6654210736437058,e_so_many_books_e8417fbc_0013.txt,synthetic-google-hashcode
-1.2010739582828587,-1.556221944917632,e_so_many_books_ed518ce7_0016.txt,synthetic-google-hashcode
-1.0989826079048883,-0.1439521575146693,e_so_many_books_eea81afa_0001.txt,synthetic-google-hashcode
-0.9507057765404109,0.011413208202587097,e_so_many_books_ef2d616f_0005.txt,synthetic-google-hashcode
-0.9627084055492068,-0.11699742081443351,e_so_many_books_efffd077_0002.txt,synthetic-google-hashcode
-0.42489437351040477,-0.1151404030150448,e_so_many_books_f3d6bd5e_0020.txt,synthetic-google-hashcode
-1.6859214353347014,1.3077764256027273,e_so_many_books_f668d422_0004.txt,synthetic-google-hashcode
-1.013251932207239,0.07463189848130074,e_so_many_books_f8c42d74_0009.txt,synthetic-google-hashcode
-0.9078070805166382,-0.3778460717814192,e_so_many_books_f8d40c6e_0012.txt,synthetic-google-hashcode
-0.5876784408615077,1.478209797805934,e_so_many_books_faf16c7c_0008.txt,synthetic-google-hashcode
-1.0377574728688692,0.0613586009079286,e_so_many_books_fb701a68_0017.txt,synthetic-google-hashcode
-0.39534016054637605,-1.4742987537302967,e_so_many_books_fbb17323_0016.txt,synthetic-google-hashcode
1.6230712554193631,0.566231628253753,f_libraries_of_the_world_01ea6892_0004.txt,synthetic-google-hashcode
0.8224063988415687,0.9311948073262131,f_libraries_of_the_world_259fae4a_0003.txt,synthetic-google-hashcode
-0.2927641097256066,-1.113266614828772,f_libraries_of_the_world_65676651_0006.txt,synthetic-google-hashcode
0.5517659844191448,1.307348849091629,f_libraries_of_the_world_78da7bfd_0017.txt,synthetic-google-hashcode
0.621761151355012,0.8658050668853526,f_libraries_of_the_world_7b3ae956_0002.txt,synthetic-google-hashcode
0.8531763361843977,0.03771529657340022,f_libraries_of_the_world_953754f1_0005.txt,synthetic-google-hashcode
1.2118869326696788,1.2127183194331517,f_libraries_of_the_world_a09a20fa_0018.txt,synthetic-google-hashcode
0.37294835647382923,-0.6156165067445905,f_libraries_of_the_world_abe32948_0001.txt,synthetic-google-hashcode
1.1985763159081944,0.9598804090302104,f_libraries_of_the_world_b37b6510_0017.txt,synthetic-google-hashcode
0.7080006541576569,0.6642624480028434,f_libraries_of_the_world_c3433800_0005.txt,synthetic-google-hashcode
1.2306698376499274,-0.40029424012319487,f_libraries_of_the_world_cb75eb18_0007.txt,synthetic-google-hashcode
0.4687788891159251,-1.281347052430395,f_libraries_of_the_world_f954681c_0011.txt,synthetic-google-hashcode
